Los fundadores de Valentia fueron...;criminales romanos desterrados;legionarios romanos que lucharon contra Viriato;ciudadanos romanos en busca de fortuna;senadores retirados;B;1 Valencia Romana;4 Complicada
El Palau se amplió en el siglo XVI con una gran torre. ¿ Quién la realizó?;Corbera;Lanuza;Montano;Pere Compte;C;3 Valencia Moderna;4 Complicada
¿qué consecuencias puede tener para la salud vivir bajo una antena de telefonía móvil?;todas son ciertas;No produce ningún riesgo;Esta emisión de radiación puede producir cambios eléctricos en la membrana de todas las células del cuerpo, alterando los flujos celulares de algunos iones, sobre todo el calcio, lo que podría tener efectos biológicos importantes. ;Es un riesgo para los animales;C;6 Red de telefonía en Valencia;3 Normal
¿Qué es un GPS?;Un sistema de videoconferencia;Una ley que regula la telefonía móvil;Un sistema de posicionamiento digital;Un sistema de manos libres;C;6 Red de telefonía en Valencia;3 Normal
¿Cómo funciona el WI-FI ?;con cable;con boostmeister;con tecnología inalámbrica;todas son falsas ;C;6 Red de telefonía en Valencia;3 Normal
"¿A qué se refiere el eslogan ""No pasarán""?";Eslogan de nacionalistas referido a los republicanos;Eslogan de los republicanos referido a los nacionalistas;Ninguna de las dos;Eslogan solo de los republicanos;B;5 Valencia desde la guerra civil hasta el presente;4 Complicada
¿ Para qué se usa hoy en día el Palau de la Generalitat?;para hacer exposiciones;es la sede del Gobierno;es un museo de instrumentos musicales;es una casa donde viven ricos;B;3 Valencia Moderna;1 Muy fácil
¿Cuántos días resistió la República después de la caída de Madrid?;3;6;2;8;A;5 Valencia desde la guerra civil hasta el presente;2 Fácil
Valentia es destruida y abandonada en el 75 ac por....;una inundación;la invasión de los bárbaros;su lucha contra los cartagineses;tomar parte por el bando perdedor en la guerra civil;D;1 Valencia Romana;3 Normal
Nombra la capital de la república en Noviembre 1936;Madrid;Barcelona;Valencia;Toledo;C;5 Valencia desde la guerra civil hasta el presente;3 Normal
¿Quién dirigía las tropas nacionales?;Hitler ;Stalin;Franco;Lenin;C;5 Valencia desde la guerra civil hasta el presente;1 Muy fácil
Una característica de la Tecnología digital es: ;Mayor claridad y más funciones en la telefonía;Coste reducido;Es mas antigua;Todas son correctas;A;6 Red de telefonía en Valencia;4 Complicada
Que representa la canción nacionalista principalmente?;La violencia en la batalla;Los resultados conseguidos en batalla;El dolor hacia los caidos en la guerra;Respeto ante toda la sociedad;B;5 Valencia desde la guerra civil hasta el presente;3 Normal
¿Para qué se utiliza \'Ctrl + C\'?;Pegar;Cortar;Seleccionar;Copiar;D;6 Red de telefonía en Valencia;1 Muy fácil
La refundación de Valentia tiene lugar en la época;Republicana;Monárquica;Imperial;en ninguna de las anteriores;C;1 Valencia Romana;3 Normal
El edificio de telefónica de valencia se situa en...;En el puerto;En la ciudad de las artes y las ciencias;En la plaza del ayuntamiento;En dust-ll;C;6 Red de telefonía en Valencia;4 Complicada
¿Cómo se denomina el ordenador donde se almacenan las páginas web?;Ordenador portátil;Servidor;Smartphone;Administrador;B;6 Red de telefonía en Valencia;3 Normal
¿ Qué  concepto se puede utilizar en las nuevas tecnologías??;nunca cambia;concepto de “generación”, de forma que cada generación engloba un conjunto de estándares de transmisión de datos (y de voz) que ofrecen unas determinadas prestaciones y calidad de servicio. ;tecnología analógica en todas las tecnologías;todas son correctas;B;6 Red de telefonía en Valencia;4 Complicada
¿Cuantos soldados aportó Mussolini a Franco?;10.000 soldados;90.000 soldados;30.000 soldados;50.000 soldados;D;5 Valencia desde la guerra civil hasta el presente;4 Complicada
¿Qué colores tiene la bandera republicana?;Amarillo,rojo,azul;Rojo,amarillo,verde;Amarillo,rojo,amarillo;Rojo,amarillo,morado;D;5 Valencia desde la guerra civil hasta el presente;3 Normal
Dentro de las murallas los ciudadnos vivian en...;domus;insulae;templos;basílicas;B;1 Valencia Romana;3 Normal
Com li diuen al fill de tio canya en la canço popular valenciana;Rafel;Manel;Cento;Tio canya;D;5 Valencia desde la guerra civil hasta el presente;5 Muy complicada
¿Cuantos colores tuvo la bandera de la II República Española y cuales eran? ;4, (Rojo, Amarillo, Morado y Naranja);3, (Azul, Blanco, Verde);3, (Rojo, Amarillo y Morado);2, (Rojo y Amarillo);C;5 Valencia desde la guerra civil hasta el presente;3 Normal
¿Cual fué su primera obra?; El queso de bola;La tentación;El ciego del barrio;El viaje de la vida;A;4 Valencia contemporánea;2 Fácil
Como era la bandera nacional antes del golpe ?;Bandera fascista;Bandera republicana;Bandera actual;Bandera comunista ;B;5 Valencia desde la guerra civil hasta el presente;3 Normal
¿Dónde nació José Serrano?;Sueca;Alaquás ;Alginet;Canet d\'en Berenguer;A;4 Valencia contemporánea;3 Normal
¿cual es la tecnología más rápida?;Tecnología ADSL ;Fibra óptica;Tecnología 3G;Tecnología mediante Wi-Fi;B;6 Red de telefonía en Valencia;4 Complicada
¿Quién era Conchita Piquer?;Escritora;Cantante y actriz;Médica;Psicóloga;B;4 Valencia contemporánea;3 Normal
Los edificios más importantes de Valentia estaban....;la basílica;el foro;el circo;el senado;B;1 Valencia Romana;3 Normal
"¿ De qué nacionalidad era el apellido "" Bori ""?";Español;Portugués;Francés;Italiano;D;4 Valencia contemporánea;3 Normal
Los edificios destinados al baño se llamaban...;piscinas;horreum;santuarios;Termas;D;1 Valencia Romana;3 Normal
¿Cuál era el nombre completo de Lucrecia Bori?;Lucrecia Bori Sánchez;Lucrecia Bori Romero de Riancho;Lucrecia Borja y González de Riancho;Lucrecia Borja de Vidal;C;4 Valencia contemporánea;3 Normal
"¿Cuándo nació Concha Piquer?""";1970;1889;1912;1906;D;4 Valencia contemporánea;3 Normal
Sabemos que Valentia fué una ciudad romana importante porque tuvo....;Circo;Teatro;Templo;Foro;A;1 Valencia Romana;3 Normal
por que es reconocido José Serrano ;compositor español;cantante de copla ;escultor;doctor ;A;4 Valencia contemporánea;3 Normal
¿Por qué Manuel Penella dejó el instrumento?;Se cansó de tocar y empezó a componer;Tuvo un accidente;Quería dedicarse al teatro;Quería tomarse un descanso;B;4 Valencia contemporánea;3 Normal
¿Cuál de estas obras es de José Serrano?;"""La malquerida""";"""Los pirandones""";"""El motete""";"""La tentación""";C;4 Valencia contemporánea;5 Muy complicada
El fin de Hispania tuvo lugar en...;Siglo X.;Siglo VIII.;Siglo III.;Siglo V.;D;1 Valencia Romana;4 Complicada
¿Cual era la profesión de Conchita Piquer?;Pintora;Profesora;Cantante;Banquera;C;4 Valencia contemporánea;3 Normal
¿ Dónde actuó en España?;Teatro real de Madrid;No actuó en España;Gran Teatre de Liceu, Barcelona;Palau de les Arts Reina Sofía;B;4 Valencia contemporánea;4 Complicada
¿Cuál de las siguientes respuestas es una centralita?;Centralita de Kqly;Centralita de Wimax;Centrales de nodos;Central de conmutación local;D;6 Red de telefonía en Valencia;5 Muy complicada
¿Cual de estas obras pertenece a Manuel Penella?; Los leones de Castilla;Los claveles;La venta de los gatos.;Amor ciego, zarzuela;D;4 Valencia contemporánea;2 Fácil
¿Qué fue Lucrecia Bori?;actriz ;compositora;cantante, soprano;pianista;C;4 Valencia contemporánea;1 Muy fácil
Que canciones son de Lucrecia Bori?;Alma de dios : Seguidillas;Te quiero, morena;Mi chiamano mimì from la bohème;Dime que me quieres;C;4 Valencia contemporánea;2 Fácil
¿En qué ciudad americana Concha Piquer actuó?;Los Angeles;Detroit;Nueva York;Miami;C;4 Valencia contemporánea;1 Muy fácil
¿A los cuantos años murió Conchita Piquer;83;85;78;80;A;4 Valencia contemporánea;4 Complicada
¿Qué clasificación vocal en el canto lírico poseía Lucrecia Bori?;Contralto;Soprano;Mezzosoprano;Ninguna de las anteriores;B;4 Valencia contemporánea;3 Normal
¿En que año nació Lucrezia Bori?;1886;2000;1887;1870;C;4 Valencia contemporánea;4 Complicada
¿ Qué arquitecto no  participó  en la construcción de la gran torre del Palau?;Joan Ibarra;Johan Manzano ;Pere Compte;Calatrava;D;3 Valencia Moderna;1 Muy fácil
¿Cómo se llamaba su primera hija?;Bogdan Velázquez Piquer;Conchita Márquez Piquer;Conchita Colón Piquer;Alejandra Navarro Piquer;B;4 Valencia contemporánea;4 Complicada
¿Qué trabajos realizó en América Manuel Penella?;músico militar, limpiador, capitán;músico militar, sastre, torero, pintor, albañil, marinero;músico militar, sastre, torero, pintor, payaso, marinero;torero, capitán, payaso, dependiente;C;4 Valencia contemporánea;4 Complicada
¿ En qué año se inician las obras del torreón del Palau de la Generalitat?;1200;1316;1425;1518;D;3 Valencia Moderna;3 Normal
¿Cual es el apellido real de Lucrecia Bori?; Lucrecia Borja y González de Riancho;Lucrecia Bori ;Lucrecia Borja;Lucrecia González;A;4 Valencia contemporánea;3 Normal
¿ Dónde actuó Lucrecia Bori en España?;Teatro Real de Madrid;No actuó en España;Gran Teatre del Liceu, Barcelona;Palau de les Arts Reina Sofía, Valencia;B;4 Valencia contemporánea;4 Complicada
¿Cuándo se subió por primera vez a un escenario Lucrecia Bori?;Con 10 años;Con 13 años;Con 8 años;Con 6 años;D;4 Valencia contemporánea;4 Complicada
¿ De qué estilo es el torreón?;rococó;barroco;manierista;renacentista;D;3 Valencia Moderna;3 Normal
Donde esta enterrada Lucrecia Bory?;Valencia;Roma;Madrid ;Nueva York;A;4 Valencia contemporánea;3 Normal
¿De dónde era Conchita Piquer?;México;Bolivia;España;Argentina;C;4 Valencia contemporánea;1 Muy fácil
¿ Cuándo se funda la Universidad vieja?;en el siglo XII;en el XIII;en el XV;en el XIV;C;3 Valencia Moderna;2 Fácil
¿Cuál fue la ópera más famosa de Manuel Penella realizada en el Teatro Principal de Valencia?;El puercoespín Serafín, 1917.;El gato montés, 1916.;La perra chica, 1908.;La reina jamón, 1930.;B;4 Valencia contemporánea;2 Fácil
¿ A qué arquitecto se encargó el diseño de la Universidad?;Lanuza;Pere Compte;Corbera;Manzano;B;3 Valencia Moderna;3 Normal
¿Que  tipo de voz tenia Lucrezia Bori?;Bajo;Tenor;Mezzosoprano;Soprano;D;4 Valencia contemporánea;4 Complicada
¿ Por qué se conoce a esta Universidad con el nombre de La Nau?;porque se parece a una nave;porque dentro se guarda una nave;porque está situada en la calle de La Naveve;porque se ve desde arriba como una nave;C;3 Valencia Moderna;2 Fácil
¿ Qué escritor fue vecino de Lucrecia Bori y más tarde fue enterrada junto a él?;Abelardo castillo;William Shakespeare;Juan Gil Albert;Vicente Blasco Ibáñez;C;4 Valencia contemporánea;4 Complicada
que fue necesario para declarar la composición de Jose Serrano como himno nacional nacional ;se necesito la probación de  los alcaldeses de  la comunidad valenciana ;estar reconocida por la Acadèmia Valenciana de la Llengua;ser publicada por la Junta Local Fallera de;un informe que debia ser tramitado por las cortes valencianas ;D;4 Valencia contemporánea;4 Complicada
Que titol reial va tindre Maria de Castella? ;Reina consort;Reina;Marquessa;Princessa;A;2 Valencia Medieval;3 Normal
Que oficio tuvo Pere Comte ?;Arquitecto;Pescador;Artesano;Militar;A;2 Valencia Medieval;2 Fácil
Como se llamaba el hospital que fundo Juan Gilabert ?;La Salud;dels Folls;La Fe;Hospital general;B;2 Valencia Medieval;2 Fácil
Donde nacio Maria de castella ?;Segovia;Valencia;Valladolid;Napoles;A;2 Valencia Medieval;3 Normal
Què tipus de llibres escribía Isabel de Villena? ;Llibres d\'aventures;Llibres profeministes;Llibres de poesia ;Llibres fantàstics;B;2 Valencia Medieval;3 Normal
Como se llamaba el libro que escribio Isabel de Viena?;Els Tres Mosqueters;Espill;Vita Christi;Llibre de les dones;C;2 Valencia Medieval;3 Normal
De quien fue esposo Germana de Foix ?;Duc d\'Olivares;Ferran el Catolic;Juan de foix;Luis XIV;B;2 Valencia Medieval;3 Normal
Como se llamo la obra que escribio Jaume Roig ?;El Quijote;la Biblia;El Viejo y el Mar;Espill;D;2 Valencia Medieval;3 Normal
Que hizo sobre Valencia Germana de Foix;La ataco;La castellanizo;La goberno;La valencianizo;B;2 Valencia Medieval;3 Normal
¿ Por qué en el vestíbulo de entrada de la calle Universidad el suelo es de metacrilato transparente?;porque es más bonito;porque te puedes resbalar;porque debajo se ven restos de murallas árabes;porque es un material fuerte y duro;C;3 Valencia Moderna;1 Muy fácil
¿Con quién contrajo matrimonio Conchita Piquer?;Marco Antonio;Antonio Marín;Mario García;Antonio Márquez;D;4 Valencia contemporánea;4 Complicada
¿ Dónde está situada la iglesia de El Patriarca?;en Benimaclet;en Patraix;En la calle de La Nave, frente a la antigua universidad literaria;en Orriols;C;3 Valencia Moderna;2 Fácil
año de inicio y finalización de la construcción de El Patriarca;1.220-1321;1.400-1.412;1.300-1.500;1.586-1.615;D;3 Valencia Moderna;3 Normal
¿ De qué estilo es el claustro de la idglesia de El Patriarca?;rococó;barroco;renacentista;manierista;C;3 Valencia Moderna;3 Normal
¿ De qué material son sus columnas?;de mármol genovés;de alabastro;de metal;de arcilla;A;3 Valencia Moderna;4 Complicada
¿ Cuándo fue declarada la iglesia de El Patriarca monumento histórico artístico nacional?;1540;1321;1415;1962;D;3 Valencia Moderna;4 Complicada
La iglesia junto al claustro tiene una capilla decorada al fresco. ¿Quién la pintó?;Lanuza;Corbera;Pere Compte;Bartolomé Matarana;D;3 Valencia Moderna;4 Complicada
¿Cuál de estas canciones es republicana?;Cara al sol;El camarada;A las barricadas; Himno Nacional;C;5 Valencia desde la guerra civil hasta el presente;3 Normal
"Este fragmento de una canción ""Gloria a la Patria que supo seguir""¿ a que bando pertenece?";Republicano.;Nacionalista.;Todas las respuestas son correctas.;Ninguna de las anteriores.;B;5 Valencia desde la guerra civil hasta el presente;3 Normal
La Basílica de la Virgen de los Desamparados ha tenido muchas fases, pero ¿ Cuándo se inició su construcción?;1400;1515;1220;1652;D;3 Valencia Moderna;4 Complicada
La puerta principal de la catedral es barroca. ¿ Qué nombre recibe esa puerta?;Puerta de los Hierros;Puerta del Real;Puerta de Mariola;Puerta del Príncipe;A;3 Valencia Moderna;3 Normal
Quin d\'aquests personatges fou un cantautor valencia de la posguerra?;Miguel Bosé;Lluís Llach;Don Jose Concepción-Marcos;Saül Ortolà;B;5 Valencia desde la guerra civil hasta el presente;4 Complicada
Segueix aquesta canço del grup actual Aspencat: música naix de la...;Passió;amistat;llibertat;Ràbia;D;5 Valencia desde la guerra civil hasta el presente;4 Complicada
¿En que canción se canta  (agrupémonos todos, en la lucha final...)?;La internacional ;No pasarán ;L\'estaca ;Farangista soy ;A;5 Valencia desde la guerra civil hasta el presente;4 Complicada
Quín instrument és típic de la música en valencià?;Trompeta;Dolzaina;Guitarra;Tabal;B;5 Valencia desde la guerra civil hasta el presente;2 Fácil
¿cual era la temática de las canciones republicanas?;Libertad de expresión y amor.;Dictadura, patria y muerte.;Naturaleza.;Religioso.;A;5 Valencia desde la guerra civil hasta el presente;4 Complicada
¿Cuantos años duro el régimen ?;32;40;36;35;C;5 Valencia desde la guerra civil hasta el presente;3 Normal
En quín periode històric va surgir la nova cançó? ;Guerra Civil;Actualitat;Edat de Mitjana;Posguerra;D;5 Valencia desde la guerra civil hasta el presente;5 Muy complicada
¿ Cuándo se construyó el campanario de Santa Catalina?;entre 1210 y 1315;entre 1315 y 1316;entre 1525 y 1527;entre 1688 y 1705;D;3 Valencia Moderna;4 Complicada
En que año Jaime l estableció y juro los fueros de la ciudad de Valencia?;1261;1263;1457;1459;A;2 Valencia Medieval;2 Fácil
¿ Quién construyó el campanario de Santa Catalina?;Juan Bautista Viñes;Pere Compte;Lanuza;Corbera;A;3 Valencia Moderna;3 Normal
¿ De qué estilo es el campanario de Santa Catalina?;rococó;neoclásico;barroco;renacentista;C;3 Valencia Moderna;3 Normal
Quin es l\'himne republicà en catala;la campana ;a les barricades ;si algun dia en vols escriure;la mort de na Margalida;A;5 Valencia desde la guerra civil hasta el presente;4 Complicada
¿En qué año sucedió la Batalla del Ebro?;1936;1938;1939;1940;B;5 Valencia desde la guerra civil hasta el presente;3 Normal
¿Quantes voltes va anar el tio canya a Valencia?;1;3;2;7;B;5 Valencia desde la guerra civil hasta el presente;4 Complicada
¿Por qué país fue creado el Pacto de la No Intervención?;España;Francia;Italia;URRS;B;5 Valencia desde la guerra civil hasta el presente;4 Complicada
¿ Dónde está situada la iglesia del antiguo Convento del Carmen?;en la calle Museo;Plaza de la Reina;calle San Vicente;Calle Bailén;A;3 Valencia Moderna;2 Fácil
Sigue la canción: Si em dius adéu Vull que el dia sigui net i clar Que cap ocell Trenqui l\'harmonia del seu cant ;Que tinguem sort;Que tinguis sort ;Que el sol faci el dia molt més llarg;I així pren, i així pren;B;5 Valencia desde la guerra civil hasta el presente;5 Muy complicada
¿ Cuándo se realiza la reforma barroca del templo de la iglesia de los Santos Juanes?;entre 1100 y 1200;entre 1200 y 1300;entre 1300 y 1400;entre 1693 y 1710;D;3 Valencia Moderna;4 Complicada
On va náixer Ovidi  Montllor;Alcoy;Aielo ;Dénia;Xàtiva;A;5 Valencia desde la guerra civil hasta el presente;4 Complicada
¿ Dónde está situada la iglesia de los Santos Juanes?;Plaza de la Reina;Plaza del Ayuntamiento;Calle San Vicente;frente a La Lonja y al lado del mercado central;D;3 Valencia Moderna;3 Normal
El bando franquista y el bando republicano son conocidos popularmente como.;blancos y negros;Rojos y azules;Norte y sur;Nacionales y rojos;D;5 Valencia desde la guerra civil hasta el presente;2 Fácil
El bando nacional recibió ayuda de:;Hitler y Rubén Darío ;Lenin y Cervantes;Hitler y Mussolini;Todos;C;5 Valencia desde la guerra civil hasta el presente;1 Muy fácil
¿Qué consecuencias tuvo la Guerra Civil?;Consecuencias Demográficas;Consecuencias Económicas;Consecuencias Sociales y Morales;Todas las anteriores son correctas;D;5 Valencia desde la guerra civil hasta el presente;2 Fácil
¿Quién compuso el Himno Regional de Valencia?;El mestre Serrano;El mestre Rodrigo;Vivaldi;Francisco;A;5 Valencia desde la guerra civil hasta el presente;4 Complicada
¿Cual de estos grupos es de los años 60 y 70?;Los Bravos.;U2;Coldplay.;Todas son correctas.;A;5 Valencia desde la guerra civil hasta el presente;3 Normal
José Serrano compuso...;El himno de España;Paquito el chocolatero;Himno de Alicante;Himno de Valencia;D;4 Valencia contemporánea;2 Fácil
¿En qué lugar de EEUU actuó Concha Piquer?;Chicago;Hawaii;Nueva York;San Francisco;C;4 Valencia contemporánea;3 Normal
¿Quién era Jose Serrano?;Compositor de ópera;Compositor de la C.Valenciana;Cinematográfico;Director de una orquesta en Valencia;B;4 Valencia contemporánea;3 Normal
Principal cantant del grup La Gossa Sorda;Xavi Serra;Josep Nadal;Pep Gimeno Botifarra;Paco Muñoz;B;5 Valencia desde la guerra civil hasta el presente;5 Muy complicada
Qué porcentaje ha bajado de la poliomielitis desde la Edad Contenporánea hasta el día de hoy;98,00 %;35,00 %;99,00 %;45,00 %;C;4 Valencia contemporánea;5 Muy complicada
¿Durante cuánto tiempo fue Valencia la capital de la Segunda República?;Dos años;Dos meses;Un año y medio;Once meses;D;4 Valencia contemporánea;3 Normal
¿Donde terminó la guerra civil?;En el puerto de Valencia;En el puerto de Alicante;En el puerto de Castellón;En el puerto de Tarragona;B;5 Valencia desde la guerra civil hasta el presente;4 Complicada
¿Que va ser el monestir de San Miquel dels Reis el 1939;John Cobra;El Sisas;Un penal;El batu;C;4 Valencia contemporánea;3 Normal
De que año a que año dura la Segunda Republica Española?;1873-1874;1783-1847;1874-1875;1870-1875;A;4 Valencia contemporánea;3 Normal
En Valencia tuvo lugar;La mayor parte de la guerra civil;La 2ª Guerra Mundial;Ninguna de las anteriores;La batalla de Lepanto;C;4 Valencia contemporánea;1 Muy fácil
¿Cuando fue la crisis del Petroleo?;1956;1968;1973;1978;C;4 Valencia contemporánea;3 Normal
¿Qué poeta estuvo refugiado en Valencia durante la Guerra Civil?;Gustavo Adolfo Bécquer;Gil Albert;Antonio Machado;Federico García Lorca;C;5 Valencia desde la guerra civil hasta el presente;3 Normal
¿Qué función tuvo la Biblioteca Pública de València durante la Guerra Civil?;Manicomio;Residencia;Hospital;Biblioteca;C;5 Valencia desde la guerra civil hasta el presente;3 Normal
¿Cuando transformo Franco  el Monasterio de San Miguel en prisión?;1938-1941;1939-1966;1945-1948;1969-1972;B;4 Valencia contemporánea;3 Normal
¿Qué ciudad fue capital de la II República durante 1936-1937?;Madrid;Jaén;València;Santiago de Compostela;C;5 Valencia desde la guerra civil hasta el presente;2 Fácil
¿Quién era La Pasionaria, dirigente del PCE durante la II República?;Dolores ibárruri;Luisa Carnés;Carmen Barrero;Elena Gil;A;5 Valencia desde la guerra civil hasta el presente;4 Complicada
¿Cuales fueron los arquitectos de la Ciutat de les  Ciencies?;Santiago Calatrava-Felix Candela.;Santiago Calatrava-Carlos Lazaro;Felix Candela-Alberto Domingo;Alberto Domingo-Carlos Lazaro;A;4 Valencia contemporánea;5 Muy complicada
¿En qué año votaron las mujeres españolas por primera vez en unas elecciones?;1931;1975;1933;1978;C;5 Valencia desde la guerra civil hasta el presente;4 Complicada
¿Cuando sucedió la gran riada en Valencia? ;1959;1957;1956;1958;B;4 Valencia contemporánea;4 Complicada
¿Cuál de estos bares de Ruzafa fue la la sede de la Unificación Comunista de España?;El Patio de Ruzafa;Radio Tránsito;Micro Teatre ÇRuzafa;Restaurante Maui;A;5 Valencia desde la guerra civil hasta el presente;5 Muy complicada
¿Año Construcción del Puente Assut de l\'Or?;2015-2016;2000-2003;2004-2008;2006-2010;C;3 Valencia Moderna;3 Normal
¿Año de construcción de las torres de serrano?;1392-1398;1345-1349;1368-1372;1341-1344;A;2 Valencia Medieval;4 Complicada
¿Qué edificio histórico se inauguró durante la II República en Valencia?;Mercado de Ruzafa;Estación del Norte;El Miguelete;El Mercado Central;D;5 Valencia desde la guerra civil hasta el presente;3 Normal
¿Cuando empezo  y acabo la segunda republica?;1930-1936;1920-1926;1931-1936;1950-1953;C;5 Valencia desde la guerra civil hasta el presente;4 Complicada
Cuando  se proclamó la república?;12 de marzo de 1945;18 de mayo de 1955;14 de abril del 1931;18 de septiembre de 1965;C;4 Valencia contemporánea;3 Normal
Ingredient essensial de la paella ;Arroç;Verdura;Carn;Colorant;A;3 Valencia Moderna;2 Fácil
De quina part de valència es concretament la orchata;Albuixec;Alboraya;Almanssa;Alzira;B;3 Valencia Moderna;3 Normal
Per 4 gots d\'arroç  cuants gots de caldo hi ha que tirar?;4;8;2;a ull;D;2 Valencia Medieval;4 Complicada
Per a menjar de la paella quin cuvert s\'utilitza?;forqueta;gavinet;cullera;amb les mans;C;3 Valencia Moderna;3 Normal
quants dies com a minim s\'ha de deixar reposar la chufa;3;2;7;1;A;3 Valencia Moderna;5 Muy complicada
¿ Cómo era San Vicente en el convento?;Piadoso, humilde y estudioso;Piadoso, uraño y curioso;Rebelde, estudioso y curioso;No tenía interés por las cosas de Dios;A;2 Valencia Medieval;2 Fácil
¿Despúes de sus votos que hizo San Vicente Ferrer?;fue destinado a un hospital a cuidar enfermos;se fue a Italia a aconsejar al Papa;enviado a Barcelona a estudiar filosofía;se fue a fundar un convento;B;2 Valencia Medieval;3 Normal
¿Conoces lo que ocurrió con unos barcos de trigo en Barcelona?;Dio tranquilidad al pueblo y dijo que vendrían esa noche barcos cargados de trigo;pagó con su dinero el trigo que había en unos barcos;se puso a rezar con la ciudad unida;mandó hundir los barcos que tenían trigo enmohecido;A;2 Valencia Medieval;3 Normal
¿Cuándo fue ordenado sacerdote San Vicente?;1378;1389;1367;1350;A;2 Valencia Medieval;4 Complicada
¿Qué hizo San Vicente ante el cisma de occidente?;Viajó a Persia a estudiar el Islam;Tomó parte por el Papa de la línea de Avignon;como conocedor del hebreo le nombraron Senedrín;No quiso implicarse;B;2 Valencia Medieval;3 Normal
¿Dio clases en Valencia San Vicente Ferrer?;Sí, en la Universidad Politécnica;Sí, en la cátedra de Hebreo;Sí, en la cátedra de Teología;No, era predicador;C;2 Valencia Medieval;3 Normal
¿ Predicaba San Vicente Ferrer en aquellos tiempos?;No, porque la orden de los dominicos no es predicante;Si, porque la orden de los dominicos es predicante;No podía predicar porque en el siglo XIV sólo se rezaba;Sólo se dedicaba a ayudar a los niños pobres;B;2 Valencia Medieval;3 Normal
¿Por qué se le llama muchas veces Maestro?;Porque era maestro en Teología y también con la palabra;Porque se graduó en magisterio;se encargaba de adiestrar a los animales de las granjas;Impresionaba a todos con su don para predicar;A;2 Valencia Medieval;4 Complicada
¿Qué hizo San Vicente ante los judíos?;Quería convertirlos al cristianismo;Les obligaba a creer en Jesús;Les toleraba sus creencias;Era amigo de muchos judíos;A;2 Valencia Medieval;3 Normal
¿Estuvo en la ciudad francesa de Avignon con Benedicto XIII?;No, son de épocas diferentes;Sí, porque eran amigos y lo nombró su confesor ;Sí, porque eran compañeros de latín.;no, siempre en España;B;2 Valencia Medieval;3 Normal
¿A que se dedicó Francisco Moliner?;Médico.;Catedrático.;Político.;Todos;D;4 Valencia contemporánea;3 Normal
¿San Vicente iba solo o predicando?;Siempre, tenía fama de tener mal carácter y nadie iba con él.;Nunca, contrataba mendigos y pobres para que le siguieran.;Le acompañaba un amplio grupo de religiosos, laicos, nobles, ricos y pobres;siempre acompañado;C;2 Valencia Medieval;3 Normal
Cual es el ingrediente  principal  de la paella;Leche;Arroz;Legumbres ;Patatas;B;3 Valencia Moderna;2 Fácil
¿Qué pretendía San Vicente con su predicación?;Conocer mundo, ya que así podía viajar;No quedarse en el convento pues tenía que trabajar duro;Quería alcanzar la conversión de los pecadores;Alcanzar prestigio;C;2 Valencia Medieval;3 Normal
¿A que órgano afecta principalmente la tuberculosis?;El fascículo vertical occipital;Pulmones;Higado;Bazo;B;4 Valencia contemporánea;3 Normal
¿Qué es el Cólera?;Un apellido;Una enfermendad;Un estado de ánimo;Un tipo de Molusco;B;4 Valencia contemporánea;2 Fácil
¿Cuál es el nombre actual del antiguo hospital para tuberculosos de Valencia?;Hospital La Fe;Hospital Virgen de los Lirios;Hospital Dr. Moliner ;Hospital Padre Jofré;C;4 Valencia contemporánea;4 Complicada
¿Cuáles fueron los lugares por donde predicó?;Hispanoamérica;África;Europa;Australia;C;2 Valencia Medieval;3 Normal
Fruita que potencia el sabor de l\'horxata;Plàtan;Papaia;Llima;Xufa;C;3 Valencia Moderna;4 Complicada
¿Cuál es el presidente actual de Valencia?;Esperanza Aguirre;Artur Mas;Joan Ribó;Rita Barberá;C;4 Valencia contemporánea;3 Normal
Quin és el principal component de la paella?;Garrofò ;Arròs;Gambes ;Tomaca;B;4 Valencia contemporánea;1 Muy fácil
Al cortar un cono en diagonal, obtenemos:;Un circulo;Un óvalo;Una elipse;Ninguna es correcta;C;5 Valencia desde la guerra civil hasta el presente;2 Fácil
¿Predicó en Granada San Vicente Ferrer?;Sí, y consiguió bautizar muchos ;Sí, y mandó a la hoguera a los que no abrazaban la fe;Nunca entró en Granada, se lo impidió el califa;no;A;2 Valencia Medieval;3 Normal
¿Que animal contagia el Paludismo?;Mosquito;Mosca;Pulgas;Garrapatas;A;4 Valencia contemporánea;3 Normal
El techo de Umbracle es una curva con forma de:;Catenaria;Parábola;Hipérbola;Círculo;A;5 Valencia desde la guerra civil hasta el presente;4 Complicada
Que hi ha que fer-li a la xufa per a convertir-la en horxata?;Mullar-la;Menejar-la;Moldre-la;Picar-la;C;3 Valencia Moderna;3 Normal
¿Qué significan las siglas JONS?;Juntas de Ofensiva Nacional Socialista;Juntas de Obra Nacional Sindicalista;Juntas de Ofensiva Nacional Sindicalista;Juntas de Obra Nacional Socialista;C;5 Valencia desde la guerra civil hasta el presente;4 Complicada
¿ En qué año se inauguró el oceanogràfic;2000;1976;2003;1999;C;5 Valencia desde la guerra civil hasta el presente;4 Complicada
¿Quién fue José Aguilar?;Un famoso ginecologo;El promovedor de la gota de leche (Institución);El que curo de la gota de leche (Enfermedad);Conquistador de Valencia;B;4 Valencia contemporánea;4 Complicada
¿Qué enfermedades trataba el Dr.Moliner?;Albinismo, Algodistrocia;Fusobacterium, Encefalitis;Parálisis, Mucopolisacaridosis VI;Tuberculosis, Tifus;D;4 Valencia contemporánea;5 Muy complicada
Cual es la forma correcta para llamar a la judía de la paella?;Garrafón;Garrafó;Garrafan;Garrofón;D;4 Valencia contemporánea;2 Fácil
¿Quién no fue presidente de la Segunda República?;Niceto Alcalá-Zamora;Diego Martínez Barrio;José María Gil-Robles;Manuel Azaña;C;5 Valencia desde la guerra civil hasta el presente;4 Complicada
¿Cómo acabó con las sangrientas luchas de Vich?;excomulgó al alcalde de la ciudad;medió entre los jefes de  bandos rivales;le golpearon y él puso la otra mejilla;él no pudo solo;B;2 Valencia Medieval;4 Complicada
¿Quin poble van cremar els borbons durant la guerra de successió? ;Oliva;Almansa ;Xàtiva ;Benissa ;C;3 Valencia Moderna;3 Normal
Persona que es ocupa de la manipulació, procés i venta de la carn.;Xarcuter;Metge;Peixater;Pastisser;A;3 Valencia Moderna;2 Fácil
¿Qué microorganismo causa la tuberculosis?;Un protozoo;Un virus;Un hongo;Una bacteria;D;4 Valencia contemporánea;3 Normal
Recipiente donde se cocina la paella;No tiene recipiente;Sarten ;Paellera;Paellar;C;3 Valencia Moderna;2 Fácil
Quins d\'aquests elements no formen part de l\'arròs forn?;Botifarra;Tomaca;Cigrons ;Garrofò;D;4 Valencia contemporánea;2 Fácil
¿Cuál de estos poetas no apoyó al bando republicano?;Antonio Machado;José María Pemán;Miguel Hernández;Pablo Neruda;B;5 Valencia desde la guerra civil hasta el presente;5 Muy complicada
Que plato tipico es de Valencia?;Lentejas ;Arroz a la cubana ;Migas;Paella;D;3 Valencia Moderna;1 Muy fácil
Persona que composa poemes.;Forner;Moliner;Maquetista;Poeta;D;3 Valencia Moderna;1 Muy fácil
Donde esta el edificio más estrecho de Valencia?;Plaza de la Virgen;Calle Cuba;Plaza Lope de Vega ;Calle La sang;C;3 Valencia Moderna;2 Fácil
Persona que treballa en la construcció?;Forner;Pintor;Obrer;Carpinter;C;3 Valencia Moderna;2 Fácil
Ofici que esudia els animals i la zoologia en general;Veterinari;Caçador;Zoòleg;Ramader;C;3 Valencia Moderna;2 Fácil
Persona que toca el violí;Pianista;Violinista;Violí;Dentista;B;3 Valencia Moderna;1 Muy fácil
Funció actual de l\'antiga aduana;Ajuntament;Tribunal Superior de Justícia;Aduana;Corte Inglés;B;3 Valencia Moderna;3 Normal
Persona que es dedica a fer maquetes.;Maqueteador;Maquetista;Constructor;Fabricador;B;3 Valencia Moderna;2 Fácil
¿Cómo recibió Valencia a San Vicente en 1410?;Lo aclamaron y lo propusieron alcalde. El se negó.;Hubieron grandes muestras de alegría y le oyeron predicar;con semana de festejos;rezando.;B;2 Valencia Medieval;3 Normal
Plato valenciano que se cocina con garbanzos;Paella;Arroz al horno ;Macarrones;Espaguetis ;B;3 Valencia Moderna;1 Muy fácil
Quin es un dels  principals  aliments de l\'arroz al forn;Arroz;Berenjena;Creïlla;La Dorada;C;2 Valencia Medieval;1 Muy fácil
Qui et defensa en un judici ?;Advocat;Electricista;Fiscal;Jutge;A;3 Valencia Moderna;1 Muy fácil
La planta del Hemisfèric es:;Una parábola;Una hipérbola;Una elipse;Ninguna de las anteriores ;C;5 Valencia desde la guerra civil hasta el presente;3 Normal
Que te la porta de la mar baix de l\'arc central;res;estatua de Jaume I;creu;estatua d\'àngel;C;3 Valencia Moderna;4 Complicada
Que figura te dins de l\'arc la porta de la mar?;Estatua de jaume I;Creu;Res;Estàtua d\'un àngel;B;3 Valencia Moderna;4 Complicada
Què té la Porta de la Mar baix de l\'arc central?;Res;Estatua de Jaume Primer;Creu;Estatua d\'un àngel;C;3 Valencia Moderna;4 Complicada
Qui va conquerir la ciutat de València l\'any 1238?;Napoleó Bonaparte;Marco Polo;Jaume I;Harry Potter;C;2 Valencia Medieval;2 Fácil
¿Fundó San Vicente la universidad de Valencia?;No, en aquellos tiempos en el convento;Se podría entender que sí por su escuela de artes liberales;No, la fundó Jaime I;No, no tenía tiempo;B;2 Valencia Medieval;4 Complicada
Porta gran més important d\'un edifici?;Portalada;Porta;Petaca;Portó;A;3 Valencia Moderna;3 Normal
De que forma puede ser el arroz ;Rojo ;Verde ;Negro;Marron;C;4 Valencia contemporánea;3 Normal
Quina forma geometrica te el cimborri de la catedral de València;pentagonal;hexagonal;heptagonal;hoctogonal;D;3 Valencia Moderna;3 Normal
Con que líquido se hace la paella;Arroz;Berenjena;Caldo ;Damasco;C;3 Valencia Moderna;1 Muy fácil
En quin any va ser la riuà de València?;2005;1955;1957;1967;C;5 Valencia desde la guerra civil hasta el presente;4 Complicada
Donde se sirve la paella normalmente ;Platos grandes ;Platos llanos ;Directamente en la paella;Fiambrera ;C;3 Valencia Moderna;3 Normal
¿Qué hizo San Vicente para los niños?;Organizó una cofradía que se encargó de recoger niños huerfanos;recoger niños abandonados para el convento;teatros para los niños;les enseñaba el evangelio;A;2 Valencia Medieval;3 Normal
A que tipo de velocidad se puede cocer el arroz;Alta;Bajo;120°c;Mediano;D;3 Valencia Moderna;1 Muy fácil
Estil de la porta del Micalet;Renaixentista;Barroc;Gòtic;Romànic;B;3 Valencia Moderna;3 Normal
QUna persona trafica amb droga?;Sabater;Forner;Narcotraficant;Traficador;C;3 Valencia Moderna;1 Muy fácil
Quants metres te el micalet??;60;63;68;58;B;3 Valencia Moderna;5 Muy complicada
Ellos viene aqui a provar la paella; Valencianos ;Guiris ;Catalanes ;Vascos ;B;6 Red de telefonía en Valencia;1 Muy fácil
Con que se puede servir la paella;El pelo;Sarten;Cuchara;La mano;C;3 Valencia Moderna;1 Muy fácil
Mejor cocinero de paellas ;Jose miguel sanchis;Arkano;El chiringuito de pepe ;Alberto chicote ;A;4 Valencia contemporánea;3 Normal
"En la película ""The boy who stole a million"" aparecen varias edificaciones de la ciudad de Valencia, y alguna contiene cónicas. ¿Cuál de estas es?";Mercat de Colón ;El Micalet;La Plaça Redona;La Glorieta;C;5 Valencia desde la guerra civil hasta el presente;3 Normal
¿Qué tipo de cónica es el Arco del Sonido?;Circunferencia ;Aucébola;Parábola;Elipse;D;5 Valencia desde la guerra civil hasta el presente;4 Complicada
Quina llengua predominava en la musica de la postguerra;Valencia ;Castella ;Galleg;Vasco;B;5 Valencia desde la guerra civil hasta el presente;1 Muy fácil
D\'on és el cantautor Pep Gimeno ``El Botifarra´´?;La Llosa De Ranes;Genovés;Xàtiva;Novetlè;C;5 Valencia desde la guerra civil hasta el presente;4 Complicada
Quina d´aquestes obres és de l´escultor José Esteve?;Las Meninas;La Mona Lisa;La Niña de las Coletas;La Maja Desnuda;C;5 Valencia desde la guerra civil hasta el presente;4 Complicada
¿Cuál de estas propiedades tiene el Arco del Sonido? ;Ahorro en superficies de muros y cerramientos;Poder oír a una persona en un foco desde otro foco;Resistencia para la construcción ;Aprovechar la curvatura para que los animales del Ártico se deslicen por su superficie;B;5 Valencia desde la guerra civil hasta el presente;3 Normal
"¿Que cantante española cantaba ""No Dudaría""?";Alaska;Malú;Rosario;Víctor Manuel;C;5 Valencia desde la guerra civil hasta el presente;3 Normal
Qui va escriure ``Cañas y barro´´?;Federico García Lorca;Vicente Blasco Ibáñez;Laura Gallego;María Villamayor;B;5 Valencia desde la guerra civil hasta el presente;3 Normal
¿Por qué predomina el color blanco en las edificaciones de la Ciudad de las Artes y las Ciencias? ;Da un toque futurista;Para desviar el calor debido a su localización ;Ahorro económico de otros colores;Para no crear impacto visual;B;5 Valencia desde la guerra civil hasta el presente;3 Normal
Qui va escriure la novela ``Las Doce Llaves´´?;Megan Maxwell;María Villamayor;Paz Matud;Belén Esteban;B;5 Valencia desde la guerra civil hasta el presente;3 Normal
"¿Quien cantaba la canción ""La Camisa Negra""?";Manuel Rios;Juanes;Nino Bravo;Alejandro Sanz;B;5 Valencia desde la guerra civil hasta el presente;2 Fácil
¿Qué ingrediente principal tiene la horchata?;Arroz ;Sal;Chufa ;Merengue ;C;3 Valencia Moderna;2 Fácil
Componente principal de la paella ;Fideos ;Arroz ;Pollo;Cangrejo ;B;3 Valencia Moderna;1 Muy fácil
Que es lo que acompaña a la Horchata;Fartons;Churros;Pan;Pollo;A;3 Valencia Moderna;1 Muy fácil
¿Qué ocurrió cuando San Vicente estuvo en LLíria?;Hizo manar una fuente  que mana hasta hoy en dia;Logró resucitar al hijo del boticario;Tardó un día entero en bendecir a todos;No estuvo en LLíria;A;2 Valencia Medieval;3 Normal
De que esta hecho la Horchata ;Mantequilla;Chufa;Colacao;Maizena;B;3 Valencia Moderna;1 Muy fácil
Quin polígon té huit costast;Quadrat;Dodecaedre;Eptógon;Octógon ;D;3 Valencia Moderna;2 Fácil
¿De que está hecha la horchata? ;Maiz;Chufa;Arroz;Leche;B;3 Valencia Moderna;1 Muy fácil
Ingrediente que se le echa a la paella ;Tomate Frito;Tomate Natural;Cebolla;Maiz;A;3 Valencia Moderna;1 Muy fácil
¿ A dónde fue San Vicente al abandonar Xátiva a finales de 1410?;Recorrió las tierras valencianas y castellanas;reclamado por el convento de Sto Domingo en Ecuador;Fue a Roma para que le bendijera el Papa;A Italia;A;2 Valencia Medieval;3 Normal
¿Qué es la paella?;Una comida tipica de Valencia;Una comida tipica de Nigeria;Una comida tipica de Bolivia;Una comida tipica de China;A;3 Valencia Moderna;1 Muy fácil
Figura geomètrica de cinc angles?;Hexàgon;Octògon;Pentàgon;Heptàgon;C;3 Valencia Moderna;4 Complicada
¿Aconsejó a las autoridades medidas en relación con los judíos?;No, pensaba que en España cabían todas las religiones;No, tenía muchos amigos judíos;Sí, aunque no eran medidas originales  y las copartian la mayoría de contemporáneos;No se relacionaba con los judíos;C;2 Valencia Medieval;3 Normal
Quants escalons té el Micalet? ;354;100;207;1067;C;2 Valencia Medieval;4 Complicada
Quina lletra dessigna el conjunt dels nombres racionals??;N;O;P;Q;D;3 Valencia Moderna;3 Normal
Unitat de mesura utilizada en el golf;Metros;Peus;Yardes;Decametres;C;3 Valencia Moderna;4 Complicada
¿San Vicente dijo que él era el ángel del Apocalípsis?;Sí, y una muerta confirmó sus palabras;Sí y mandó ajusticiar a un rabino;No, él no creía en el infierno;Dijo que era como el angel del Apocalípis;A;2 Valencia Medieval;4 Complicada
¿Qué es el compromiso de Caspe?;Es el matrimonio entre dos familias adineradas de Toledo;Era donde se eligió al Rey de la Corona de Aragón;la renovación de sus votos en la orden de los dominicos;compromiso de paz;B;2 Valencia Medieval;3 Normal
Contiene la u, dulce típico de las fallas. ;Churros ;Bueñuelos ;Las dos son correctas ;¿Fallas? ¿Qué  es eso? ;C;3 Valencia Moderna;2 Fácil
¿ De qué no está formada la paella? ;Arroz;Conejo;Lentejas;Garbanzos ;C;3 Valencia Moderna;2 Fácil
¿Por qué participó San Vicente en el compromiso de Caspe?;Era una persona reconocida en toda la Corona de Aragón y gozaba de prestigio popular;Encargado de celebrar misa;estaba pasando unos días allí y le dijeron que asistiera;se lo pidieron para que pusiera paz;A;2 Valencia Medieval;3 Normal
Ingrediente que no se le añade a la Horchata ;Yuka;Chufa ;Leche ;Azucar ;A;3 Valencia Moderna;1 Muy fácil
"¿Que grupo canta la canción de ""Dramas y Comedias""?";Fangoria;Alma de blues;La guardia;Los rebeldes ;A;5 Valencia desde la guerra civil hasta el presente;3 Normal
¿Con qué unidad se mide la cantidad de masa que ocupa un cuerpo según el S.I.?;Quilogramos;Centilitros;Grados;Litros;D;4 Valencia contemporánea;2 Fácil
Com se diu el poligon que te 3 costats, dos iguals i uno diferent?;Rectangle;Quadrat;Circumferencia;Triangle;D;3 Valencia Moderna;1 Muy fácil
¿Cómo se llama la superfície que se calcula de distintas figuras geométricas?;altura;área;diámetro;volumen;B;3 Valencia Moderna;2 Fácil
¿Cómo se llama la recta que divide un segmento en dos partes iguales?;radio;segemento;mediatriz;bisectriz;C;3 Valencia Moderna;2 Fácil
¿Se conformó el conde de Urgel, uno de los pretendientes con la elección a favor de Fernando de Antequera?;Por supuesto, lo había dicho San Vicente, y él lo respetaba;No, e intentó destronar a Fernando con ayuda de los ingleses;No, porque él era hijo legítimo del difunto rey;Sí, se conformó;B;2 Valencia Medieval;3 Normal
¿Cuándo fue la última visita de San Vicente a Valencia?;una semana antes de morir;el 19 de marzo de 1492 para participar en la ofrenda de flores a la Virgen María;En 1413, y logró acabar con la enemistad de dos familias;No se recuerda;C;2 Valencia Medieval;3 Normal
¿Qué es la disputa de Tortosa?;Fue un problema de límites entre Tortosa y Tarragona;19 marzo para participar en la ofrenda de flores;disputa teológica entre cristianos y judíos;una pelea de ideologías en Tortosa;C;2 Valencia Medieval;3 Normal
Abreviatura de l\'unitat de mesura utilitzada per a la distancia;Kg;Kj;Kcal;Km;D;3 Valencia Moderna;2 Fácil
Unió d\'infinits punts en l\'espai i sense fi;Linea;Paralela;Tangent;Recta;A;3 Valencia Moderna;3 Normal
Unitat de mesura de distancia;Quilogram;Metres;Anys Llum;Segons;B;3 Valencia Moderna;2 Fácil
Distància d\'un vèrtex d\'un triangle a la recta continguda en el costat oposat;Línia;Àrea;Altura;Perímetre;C;3 Valencia Moderna;3 Normal
¿Dónde predicó San Vicente en Francia los últimos años de su vida?;En la corte del Rey Luis XIII;En Colliure, Perpignan, Narbona, el Rosellón, Carcasone..;No pudo predicar, no sabía francés;En París;B;2 Valencia Medieval;4 Complicada
¿Poseía el don de lenguas?;Según la tradición, viajó mucho y pudo conocer las lenguas;Hablaba en valenciano y todos lo entendian;Tenía muchas virtudes pero esa no;No. Hacía muchos milagros pero ese don no.;B;2 Valencia Medieval;3 Normal
Quants costats te un pentàgon;5;2;11;3;A;3 Valencia Moderna;2 Fácil
¿Cómo fueron los ultimos días de San Vicente en Vannes?;Quiso volver a Valencia pero no tuvo fuerzas.;Le acogió una familia cristiana;Sufrió una neumonía ;Predicando;A;2 Valencia Medieval;3 Normal
Ingredient fonamental per a l\'orxata;llet;xufa;nata;cereals;B;3 Valencia Moderna;2 Fácil
¿Cuándo y dónde murió San Vicente?;En Valencia a los 87 años;En Toledo a los 68 años;En Vannes a los 89 años;En Valencia a los 89 años;C;2 Valencia Medieval;4 Complicada
Quantes portes te la catedral de València;1;2;3;4;C;3 Valencia Moderna;3 Normal
¿Cuándo fue canonizado?;25 diciembre de 1463;29/06/55;15/08/24;29/06/50;B;2 Valencia Medieval;4 Complicada
¿Cómo representan  los artistas a San Vicente Ferrer?;Con hábito de los dominicos, la mano derecha levantada en actitud de predicar y la frase Timete Deum et date illi honorem;Con hábito de dominicos y unas azucenas;de obispo;de prior;A;2 Valencia Medieval;3 Normal
Quants arcs te la porta del mar;3;2;1;0;C;3 Valencia Moderna;4 Complicada
¿Cuándo se celebra la fiesta de San Vicente Ferrer?;23 enero dia de nacimiento;29 junio dia de canonización;5 abril dia de su fallecimiento;5 de abril dia de su santo;C;2 Valencia Medieval;4 Complicada
Líquido graso con aspecto amarillento utilizado en la cocina. ;Fanta;Aceite;Zumo de limón;Cerbeza;B;3 Valencia Moderna;1 Muy fácil
Arroz elaborado con un caldo de pescado que se acompaña con alioli. ;Arroz a la cubana;Arroz al horno;Arroz a banda;Paella marinera;C;3 Valencia Moderna;3 Normal
Embutido con aspecto rojizo. ;Salami;Salchichón;Mortadela;Chorizo;D;3 Valencia Moderna;1 Muy fácil
De quin grau pot ser una equació de segon grau?;1;3;2;Totes són correctes;C;3 Valencia Moderna;1 Muy fácil
Que relacio te la guerra de successio  amb la porta dels ferros?;La guerra va destruir part de la porta;El constructor va morir pero la guerra;El constructor cargue malalt en eixa época degut a la viruela;El constructor va tindre que parar seguro a la guerra;D;3 Valencia Moderna;5 Muy complicada
¿Quin d\'aquests grups valencians continua oferint concerts a l\'actualitat?;Els Pavesos;La gossa sorda;Obrint Pas;Zoo;D;5 Valencia desde la guerra civil hasta el presente;5 Muy complicada
Paella de marisco en la que se sustituye el arroz por unos fideos gruesos y huecos. ;Sopa de marisco;Fideuá;Espaguetis;Paella de marisco;B;3 Valencia Moderna;1 Muy fácil
Com s\'anomena una multiplicacio que done 0?;element simetric;diferencia nula;producte nul;totes les anteriors;C;3 Valencia Moderna;5 Muy complicada
Com s\'anomenava el patriarca que va expulsar als moriscos?;Jaume I;Felipe III;Els Reis Catolics;Felipe I;B;3 Valencia Moderna;4 Complicada
Contuinua la cançó de la gossa sorda: t\'estime, t\'estimo...;t\'estimu;t\'estim;et vull;molt;B;5 Valencia desde la guerra civil hasta el presente;2 Fácil
Quant dóna aquesta multiplicació? 727282736383929282827637378X0x72818182836382927282927392928373838373;7,37282683918282E+027;No té solució real;Sense solució ;0;D;3 Valencia Moderna;1 Muy fácil
Quienes valencies tenene els gasos nobles?;8;2 i 4;3;0;D;3 Valencia Moderna;3 Normal
cuant dona 2x5x100x25x4x0+3;0;100003;3;no te solució real;C;3 Valencia Moderna;5 Muy complicada
Plato típico Valenciano que consiste en una especie de ensalada hecha con pimiento rojo asado, bacalao en salazón, ajos y aceite de oliva. ;Esgarraet;Pimientos rellenos;Ensalada de pimientos con bacalao;Pimiento asado;A;3 Valencia Moderna;3 Normal
Quan dóna math error a la calculadora d\'aquestes operacions?;√-789;1771+4:68;718-78+890:9;727171-1+6-7:2;A;3 Valencia Moderna;3 Normal
Que pesa més: un quilo de plom un quilo de palla?;Pesen el mateix;Pesa més el plom;Pesa més la palla;Depén de l\'aparell de mesura que utlitzes;A;3 Valencia Moderna;2 Fácil
Contiene la L , comida tipica de Valencia ;Lonchas de ternera;Longaniza ;Langusta;Paella;D;3 Valencia Moderna;1 Muy fácil
En la mitología romana, Mercurio representa al;Dios del mar;Dios de la guerra;Mensajero de los dioses;Dios del sol;C;1 Valencia Romana;2 Fácil
Nombre de la pasta originaria en Italia;Marisco;Macarrones ;Milanesa ;Maiz;B;3 Valencia Moderna;2 Fácil
Qui va ser Jaume Roig?;Escritor;Presentador de televisió;Actor Porno;Director de música;A;3 Valencia Moderna;3 Normal
Ingrediente que se pone en la pasta;Nuez;Nachos;Nata;Napolitana;C;3 Valencia Moderna;2 Fácil
Quina es l\'expressio d un radical ;A/B;√a;(A+b)(A-b);0;B;3 Valencia Moderna;3 Normal
En las villas romanas, el patio ajardinado rodeado de columnas se llamaba;Peristylum;Triclinium;Vestibulum;Cubiculum;A;1 Valencia Romana;4 Complicada
Que donaría aquestos resultats - +;Donaría positiu ;Negatiu ;Es dividiría ;Es multiplicaría ;B;3 Valencia Moderna;1 Muy fácil
Que és un cromosoma?;Avantpassat de la raça humana en la pre-història;Orgànul que conté la informació genètica de la cèl.lula;Orgànul encarregat de realitzar la fotosíntesi;Són els orgànuls que donen color al cabell;B;3 Valencia Moderna;4 Complicada
Valencia fue fundada por los romanos como colonia en el año 138 a. C., siendo cónsul Décimo Junio Bruto Galaico, y se denominó:;Valentia;Valentia Edetanorum;Valentum;Turia;B;1 Valencia Romana;3 Normal
¿Dónde y cuándo nació San Vicente?;Valencia  11 de abril de 1492;Valencia  23 enero de 1350; 23 enero de 1350 Tortosa; 22 de febrero de 1917 Vannes;B;2 Valencia Medieval;3 Normal
Donde nació el compositor del himno de Valencia ?;Madrid;Barcelona;Valencia;Sueca;D;4 Valencia contemporánea;3 Normal
¿Dónde fue bautizado San Vicente Ferrer?;Parroquia San Esteban;Iglesia de la Anunciación;Iglesia de San Ramón;Catedral;A;2 Valencia Medieval;3 Normal
Tubérculo a partir del cual se fabrica la horchata;Azúcar;Agua;Patata;Chufa;D;3 Valencia Moderna;2 Fácil
Ingrediente más importante de la orchata;Chufa;Agua;Azúcar ;Patata;A;3 Valencia Moderna;1 Muy fácil
¿Cómo era San Vicente de niño?;piadoso; curioso y uraño;estudioso; rebelde y curioso;D;2 Valencia Medieval;2 Fácil
Condimento que le da el color característico a la paella;Tomate;Azafrán;Pimentón;Colorante;B;3 Valencia Moderna;3 Normal
Condimento que le da el color amarillo característico a la paella;Pimentón;Azafrán;Tomate;Colorante rojo;B;3 Valencia Moderna;3 Normal
¿Conoces lo que ocurrió con unos barcos de trigo en Barcelona?;Pagó con dinero el trigo que había en los barcos;Mandó hundir los barcos pues estaban en mal estado;Dio tranquilidad al pueblo y dijo que vendrían esa noche apesar de que el mar estaba embravecido;pidió que rezaran todos juntos para solucionar la pobreza;D;2 Valencia Medieval;3 Normal
¿En que año nació Manuel Penella Moreno? ;1532;2007;1945;1880;D;4 Valencia contemporánea;5 Muy complicada
"¿En que año estrenó Concha Piquer la obra ""El gato montés"" en Nueva York?";1895;2017;1942;1922;D;4 Valencia contemporánea;4 Complicada
¿Cuándo fue ordenado sacerdote San VIcente Ferrer?;1375;1389;1367;1378;D;2 Valencia Medieval;4 Complicada
En que año nació Manuel Penella ?;1881;1980;1981;1880;D;4 Valencia contemporánea;2 Fácil
Ingrediente que no se le pone a la paella;Conejo;Guisantes;Arroz;Garrafón;B;3 Valencia Moderna;2 Fácil
Que ingrediente de estos no tiene la paella;Conejo;Guisantes;Arroz;Garrafón;B;3 Valencia Moderna;2 Fácil
¿Tuvo San Vicente algún cargo en el convento de predicadores de Valencia?;Prior;diacono;obispo;sacerdote;A;2 Valencia Medieval;3 Normal
¿En que año nació Concha Piquer?;1901;2002;1906;1884;D;4 Valencia contemporánea;4 Complicada
Qué médico que trabajó en Valencia ganó el premio Nobel de medicina ?;Luis Simarro;Manuel Candela;Ramón y Cajal;Gómez Ferrer;D;4 Valencia contemporánea;3 Normal
¿Como se llama el alimento que parece un donut típico de valencia? ;Donuts;Buñuelos;Donetes;Rosco;B;3 Valencia Moderna;1 Muy fácil
cuando y donde se estreno el gato montes?;Valencia  22 de febrero del 1917;Nueva york  22 de febrero de 1917;valencia  23 de febrero de 1917;Nueva York  22 de enero de 1917 ;A;4 Valencia contemporánea;3 Normal
¿En qué año murió Manuel Penella Moreno?;12 de julio de 1945;24 de enero de 1939;13 de febrero de 1922;7 de octubre de 1939;B;4 Valencia contemporánea;4 Complicada
Marisco utilizado en la paella valenciana de cáscara dura y sabor dulce.;Pulpo;Mejillones;Langostinos;Gambas;D;3 Valencia Moderna;2 Fácil
Nombre real de Concha Piquer ;María de la Concepción Piquer López  ;Isabel Piquer López ;Anabel Piquer López;Inmaculada de la Concepción Piquer López ;A;4 Valencia contemporánea;4 Complicada
Bebida que se extrae dela chufa;Horchata;Fanta;Zumo de naranja;Agua;A;3 Valencia Moderna;1 Muy fácil
Nombre de hijo de Concha Piquer;Concha Lopez Piquer;Concha Manuel Piquer;Concha Marquez piquer;Concha Antonio Piquer;D;4 Valencia contemporánea;2 Fácil
Manuel Candela era especialista en...;Osteopatía;Ginecología;Pediatría;Odontología;B;4 Valencia contemporánea;3 Normal
¿A qué edad murió Concha Piquer?;80 años;85 años;90 años;83 años;D;4 Valencia contemporánea;3 Normal
¿Que ocupaciones tenia el compositor del Himno de Valencia?; Compositor; Musicólogo y pianista;Pianista; Pintor y Concejal ;A;3 Valencia Moderna;5 Muy complicada
Embutido de color negro o marrón hecho de sangre de cerdo coagulada. Puede tener arroz o cebolla dentro.;Morcilla;Salchichas;Longaniza de pascua;Conejo;A;3 Valencia Moderna;1 Muy fácil
¿Como se eligió el himno valenciano de José Serrano?;Siendo aprobado por los alcaldes de los municipios de la Comunidad Valencia;Elecciones provinciales;Petición popular;Lo eligió el alcalde de Valencia;A;3 Valencia Moderna;3 Normal
Marisco de cáscara negra y dura que vive adherido a las rocas  se suele usar en diversos platos como la paella o la mariscada;Mejillones;Langostino;Caracoles;Ninguna es correcta;A;3 Valencia Moderna;2 Fácil
¿cuando murió Manuel penella ?;1936;1939;1939; no se ;B;4 Valencia contemporánea;3 Normal
¿Cual de estos personajes tiene una calle?;José Serrano Simeón;Conchita Piquer;Manuel Penella Moreno;Todos;D;4 Valencia contemporánea;3 Normal
Cuál es el origen del arroz al horno?;Las abuelas;Aprovechar los restos del cocido;Ha sido siempre plato tradicional;Se originó el otra parte y acabo llegando aqui;B;3 Valencia Moderna;5 Muy complicada
Ingredient junt els naps del que es fa un tipic arròs caldós valencià;Ceba;Fessols;Creïlla;Xampinyons;B;3 Valencia Moderna;4 Complicada
Fruta ácida que se le puede poner a la paella;Naranja;Fresa;Limón;Ninguna es correcta;D;3 Valencia Moderna;2 Fácil
¿Qué es una lucerna?;Una lámpara romana;Un tipo de vasija;Una tetera;Un tipo de calzado;A;1 Valencia Romana;2 Fácil
¿Cual es la ciudad natal de José Serrano Simeon?;Castellon ;Sueca;Valencia;Murcia;B;3 Valencia Moderna;3 Normal
Planta aro mágica que se pone en la paella?;Romero;Tomillo;Albahaca ;Oregano;A;3 Valencia Moderna;3 Normal
Aliment essencial de forma arrinyonada en una paella valenciana;Baxoqueta;Arròs;Carlota;Garrofó;D;3 Valencia Moderna;2 Fácil
"En que obra se toca"" El pasodoble Torero"" ?";Grease;El Gato Montes ;Jesucristo superstar ;El hombre de la mancha ;B;4 Valencia contemporánea;3 Normal
¿Quien creo el himno de la Comunidad Valenciana?;Conchita Piquer;Lucrezia Bori;José Serrano Simeón;Manuel Penella Moreno;D;3 Valencia Moderna;2 Fácil
En que tipo de compases solía componer Manuel Penella;3 por 4 y 4 por 4;7 por 8 y 2 por 2;13 por 8 y 17 por 16;5 por 8 y 3 por 4;A;3 Valencia Moderna;5 Muy complicada
¿Que tipo de musica hacia Jo?e Serrano?;Reggetón;Copla;Clásica;Dubstep;D;3 Valencia Moderna;1 Muy fácil
¿Donde se encuentra la escultura José Serrano Simeón?;Gran Vía;Plaza del Ayuntamiento;Hermanos Maristas;Reino de Valencia;D;3 Valencia Moderna;4 Complicada
¿Que tesitura tenia Lucrezia Bori?;Contralto;Soprano;Mezzosoprano;Era transexual y mantenia voz de tenor;B;3 Valencia Moderna;3 Normal
¿Quién fue Lucrezia Bori?;Una soprano valenciana;La hermana de Falete;Un personaje de Disney;Una atleta Valenciana;A;3 Valencia Moderna;2 Fácil
¿Cuál es el lugar de procedencia de José Serrano Simeon?;Suecia;Gandía ;Sueca;Alicante;D;3 Valencia Moderna;3 Normal
Quan jurà els furs Jaume I? ;1116;1261;1303;2010;B;2 Valencia Medieval;3 Normal
Cuantos hijos tenia Manuel Penella Moreno;6 Hijos;5 Hijos;3 Hijos;2 Hijos;B;4 Valencia contemporánea;3 Normal
¿Cuando empieza la edad media?;476;1400;711;1492;A;2 Valencia Medieval;1 Muy fácil
Ciencia que estudia el universo;Gastronomia;Astronomia;Matematicas;Religión;B;3 Valencia Moderna;2 Fácil
Que método científico se puso de moda en la edad moderna  basado en la experiencia y la observación de los hechos?;Evolucionismo ;Creacionismo ;Heliocentrismo ;Empirico;D;3 Valencia Moderna;5 Muy complicada
¿Que instrumento inventado en la edad mediana se usa pars medir la impresión atmosférica?;Barómetro;Geocentrismo;Imprenta;Paracaidas;A;3 Valencia Moderna;2 Fácil
Astronom conegut pel seu estudi del heliocentrisme;Cristòbal colom;Leonardo da vinci;Copernic;Carlos lll;C;3 Valencia Moderna;3 Normal
¿Quien pintó la Mona Lisa?;Picasso;Miró;Leonardi Da Vinci;Bach;C;3 Valencia Moderna;1 Muy fácil
Nombre del más famoso Renacentista Italiano?;Leonardo da Vinci;Botticelli;Donatello;Rafael;A;3 Valencia Moderna;4 Complicada
Método de investigación usado principalmente en la producción de conocimiento en las ciencias?;Metodo de la observacion cientifica;Método cientifico;Metodo humanistico;Ninguna correcta;B;3 Valencia Moderna;5 Muy complicada
cuantas obras líricas escribio manuel penella?;25;55;57;35;B;4 Valencia contemporánea;3 Normal
Lo forman las estrellas  planetas y galaxias;Asteroides;Universo;Satélite;Meteorito;B;3 Valencia Moderna;3 Normal
Que perfeccionó Galileo?;Paracaidas;Barometro;Imprenta;Cañones de telescopio;D;3 Valencia Moderna;3 Normal
Trayectoria que hace un objeto alrededor de otro?;Orbita;Giro;Rotación;Ninguna es correcta;A;3 Valencia Moderna;3 Normal
Quan es va construir la muralla de València? ;1363;250;1313;554;A;2 Valencia Medieval;3 Normal
Como se llama valencia en la epoca musulmana?;Balesa;Valentia;Valencia;Balansiya;D;2 Valencia Medieval;3 Normal
En qui any se publica a València el Tirant Lo Blanc;1490;1482;1171;1392;A;2 Valencia Medieval;4 Complicada
Quan es va fundar la Universitat de València?;1215;1338;1499;1496;C;2 Valencia Medieval;3 Normal
Cuant va ser reconquitada Valencia;9999;1313;1094;1100;C;2 Valencia Medieval;5 Muy complicada
Quan va ser la riuada del Guadalaviar?;1997;926;817;1088;D;2 Valencia Medieval;3 Normal
Quan va caure l\'imperi romà? ;411;460;476;489;C;2 Valencia Medieval;3 Normal
En que año el Cid se nombra principe de valencia?;1068;1102;1094;1220;C;2 Valencia Medieval;3 Normal
Di un nombre de un juego de niños   romanos;Tabas;Cometas ;Aros ;Peonza ;A;1 Valencia Romana;3 Normal
Quant esba publicar  a Valencia el Tirant lo Blanc ;1490;1124;3456;1234;A;2 Valencia Medieval;3 Normal
Que es el zoco?;Una comida;Una bebida;Un mercado arabe;El nombre de mi madre;C;2 Valencia Medieval;2 Fácil
Cuanto es va publicar el tirant lo blanc ;1490;1500;1480;1450;A;2 Valencia Medieval;2 Fácil
Quan va ser la caiguda del imperi  romà;476;376;5677;789;A;2 Valencia Medieval;1 Muy fácil
¿Dónde y cuándo nació Blasco Ibáñez?;Menton  31 de diciembre de 1687;Valencia  30 de febrero de 1562;Menton  28 de enero de 1928; Valencia 29 de enero de 1867;D;4 Valencia contemporánea;3 Normal
¿A qué partido político pertenecía Blasco Ibáñez?;Al Partido Socialista;Al Partido Comunista;Al Partido Republicano;Al Partido Conservador;C;4 Valencia contemporánea;2 Fácil
¿Vicente Blasco Ibáñez durante cuántas legislaturas fue diputado por Valencia ?;Ninguna;3;2;7;D;4 Valencia contemporánea;2 Fácil
¿Qué periódico fundó Blasco Ibáñez?;El Pueblo;La Razón;Las Provincias;Levante;A;4 Valencia contemporánea;3 Normal
¿Cuál de las siguientes novelas escribió Blasco Ibáñez?;EL Quijote;La Regenta;Entre naranjos;Crónica de una muerte anunciada;C;4 Valencia contemporánea;3 Normal
¿Cuál de estas novelas de Blasco Ibáñez fue llevada al cine en Hollywood?;La Barraca;Los cuatro jinetes del apocalipsis;Cañas y barro;Arroz y tartana;B;4 Valencia contemporánea;2 Fácil
¿En qué país se arruinó Blasco Ibáñez por pretender fundar una colonia?;Bolivia;Perú;Argentina;Ecuador;C;4 Valencia contemporánea;3 Normal
¿Cuál de las siguientes novelas no es de Blasco Ibáñez?;Cañas y barro;Entre manzanos;La Barraca;Arroz y tartana;B;4 Valencia contemporánea;2 Fácil
¿Qué famoso actor de la época protagonizó en Hollywood la película ¨Los cuatro jinetes del apocalipsis¨?;Brad Pitt;Cary Grant;Gary Cooper;Rodolfo Valentino;D;4 Valencia contemporánea;4 Complicada
¿Dónde murió Blasco Ibáñez?;España;EEUU;Francia;Argentina;C;4 Valencia contemporánea;2 Fácil
cuándo nació San Vicente Ferrer?;Nació el 25 de diciembre de el 1350;Nació el 23 de enero de el 1350;nació el 24 de octubre de el 1349;Nació el 12 de febrero de el 1492;B;2 Valencia Medieval;2 Fácil
Cóm es diuen les peces de pedra o cristall que formane els mosaics romans?;Cubs;Pedretes;Tessel·les;Peces;C;1 Valencia Romana;2 Fácil
Al voltant dels mosaics romans sol haver una tira amb dibuixos geomètrics. Cóm s\'anomena aquesta tira?;Marc;Greca;Cinta exterior;Romaneca;B;1 Valencia Romana;2 Fácil
Cóm s\'anomenen les decoracions romanes formades per pedretes de diferents colors representant animals  fruites  escenes de caça o mitològiques?;Mosaics;Pintures;Tapissos;Quadres;A;1 Valencia Romana;1 Muy fácil
¿Cuál de estos edificios pertenece al Barroco?;La Lonja;Universidad vieja;El Patriarca;San Miguel de los Reyes;D;3 Valencia Moderna;2 Fácil
¿ Cuándo se inició y cuándo finalizó la construcción del Marqués de dos Aguas?;1.740- 1.867;1.212-1618;1.500-1515;1.457- 1.822;A;3 Valencia Moderna;4 Complicada
¿ Qué arquitectos iniciaron la reforma del MarquéS de dos Aguas?;Joan Corbera;Nicolau Alemany;Pere Compte;Giner Rabassa y Lanuza;D;3 Valencia Moderna;3 Normal
¿Qué significan las siglas WWW?;World Wide Web;World Wildlife Fund;Web Wild World ;Ninguna de las anteriores;A;4 Valencia contemporánea;3 Normal
¿ Qué era el Palacio del Marqués de dos Aguas antes de construirlo?;un castillo;una cárcel;un hospital;una casa solariega;D;3 Valencia Moderna;3 Normal
¿ De qué material está hecha la fachada del Marqués de dos Aguas?;de alabastro;mármol;metal;arcilla;A;3 Valencia Moderna;1 Muy fácil
Quina és la lletra de l\’himne d’Espanya? ;No té lletra oficial definitiva;Viva España,alzad los brazos hijos;El chiqui-chiqui mola mogollón, lo bailan en la China y también en Alcorcón;Viva España, cantemos todos juntos…;A;5 Valencia desde la guerra civil hasta el presente;3 Normal
Quan es va construir el Micalet?;1396;1400;1363;1515;A;2 Valencia Medieval;3 Normal
En quin any va ser l\'expulsió dels Bizantins?;715;607;625;565;C;2 Valencia Medieval;4 Complicada
 ¿Que estudió San Vicente Ferrer?;Medicina;Agricultura;Biblia y teologia;Artesania;C;2 Valencia Medieval;3 Normal
¿A qué grupo pertenece la canción A LAS BARRICADAS?;Bando nacional;Bando republicano;Brigadas internacionales;Bando anarquista;B;5 Valencia desde la guerra civil hasta el presente;3 Normal
Amb quins 3 adjectius definíen a Espanya amb l\´Himne de la Falange?;Libertad  Igualdad y Fraternidad;Arriba  Abajo y al Centro;Una  Grande y Libre;Dos  Pequeña y Encarcelada;C;5 Valencia desde la guerra civil hasta el presente;3 Normal
Que va ser Jaume Roig;Religios mercedari i arquitecte;Pedrapiquer i sacerdot;Escriptor i metge prestigios;Religios i predicador;C;2 Valencia Medieval;2 Fácil
De dónde trajeron el material para la construcción del Marqués de Dos Aguas?;Barcelona;Madrid;Picasent;Menorca;C;3 Valencia Moderna;3 Normal
Després de que fet historic surt la nova canço en valencià;Despres de la guerra civil;Despres de la post guerra;Despres de la transiçio politica;Despres del bombardeig de Guernica;B;5 Valencia desde la guerra civil hasta el presente;3 Normal
¿Con quien se casó Maria de Castella?;Jaime Roig;Alfonso el Magnónim;Ferran d\'Aragó;Pere Compte;B;2 Valencia Medieval;3 Normal
¿ Quién construyó La Lonja?;Calatrava;Lanuza;Perellós;Pere Compte;D;3 Valencia Moderna;3 Normal
Que pintor molt conegut va representar al pare Jofre al seu quadre;Velazquez;Goya;Sorolla;Joan de Joanes;C;2 Valencia Medieval;3 Normal
¿Quina va ser la obra més importante de Isabel de Villena ;La Monalisa;El llibre de les Dones;Llotja de la Sed;Vita Christi;D;2 Valencia Medieval;2 Fácil
En quin any va passar Valentia a anomenar-se Balansiya?;809;788;711;720;C;2 Valencia Medieval;3 Normal
On va naixer Maria de Castella;Valencia;Segovia;Girona;Lliria;B;2 Valencia Medieval;3 Normal
Muerto el primer arquitecto  ¿ qué otras dos personas intervinieron en la construcción?;Perellós;Lanuza;Calatrava;Joan Corbera y Nicolau Alemany;D;3 Valencia Moderna;1 Muy fácil
Nomena una cançó del bàndol republicà i altra del bàndol nacionalista;Cara al Sol i Campanera;Cara al Sol i Puente de los franceses ;Puente de los franceses i Mi pequeño ruiseñor;Quédate Conmigo i Pantera en Libertad;B;5 Valencia desde la guerra civil hasta el presente;4 Complicada
En quin any el Cid  es  nombra Príncep de Valéncia?;1003;1090;1100;1094;D;2 Valencia Medieval;4 Complicada
On va ser educada Isabel de Villena;La cort de Maria de Castella;Arago;L-esglesia Sant Nicolau;La Llotja;A;2 Valencia Medieval;3 Normal
¿quants matrimonis va tindre Isabel de germana de Foix;1;2;4;3;D;2 Valencia Medieval;2 Fácil
¿En qué año se terminó la construcción de La Lonja?;1200;1548;1320;1640;B;3 Valencia Moderna;4 Complicada
En quina època van estar els visigots a la Pensinsula Ibèrica?;Moderna;Medieval;Romana;Contemporània;B;2 Valencia Medieval;1 Muy fácil
¿Cuál fue la única obra que se ha conservado de Isabel?;La Bíblia;Finis Mundi ;Viti Christi ;Los tres mosqueteros;C;2 Valencia Medieval;3 Normal
En quien any va entrar la Pesta negra a Valéncia?;1350;1349;1400;1348;D;2 Valencia Medieval;3 Normal
En quin any es va construir la muralla de València?;1363;1290;1450;1320;A;2 Valencia Medieval;4 Complicada
Que monestir va fundar i va ser soterrada alli Germana de Foix;El monestir de la Trinitat;El convent de les Clarises;El monestir de Sant Miquel dels Reis;El convent de les dominiques;C;2 Valencia Medieval;3 Normal
Qui canta ``El novio de la muerte´´?;Marilyn Manson;Los Reyes Católicos;Las Fuerzas Armadas;La Legió;D;5 Valencia desde la guerra civil hasta el presente;3 Normal
¿Que va ser Jaume Roig?;Un bon artesà;Escriptor i metge prestigiós;Escriptor i arquitecte;Arquitecte i metge;B;2 Valencia Medieval;2 Fácil
¿Que fue Maria de Castella entre 1416 y 1459?;Fue reina consorte de Aragon;Fue reina consorte de Castella;Fue reina consorte de Navarra;Fue reina consorte de Andalucia;A;2 Valencia Medieval;3 Normal
¿Que va ser Germana de Foix des de 1523?;Reina;Duquesa;Infanta;Virreina;D;2 Valencia Medieval;3 Normal
"¿Quien creó el himno ""el novio de la muerte""?";Lola Montes;Mercedes Fernández;Fidel Prado;José Millán Astray;C;5 Valencia desde la guerra civil hasta el presente;3 Normal
Escoltant la lletra a quin bàndol pertany la cançó ``Ay  Carmela´´?;Bàndol republicà;Bàndol nacionalista;Bàndol moro;Bàndol cristià;A;5 Valencia desde la guerra civil hasta el presente;3 Normal
Rómulo fundó Roma en la península itálica sobre...;El monte palatino;Una llanura;Los Pirineos;La playa;A;1 Valencia Romana;1 Muy fácil
¿ Para qué era utilizada La Lonja?;para hacer exposiciones;para hacer mercadillos;para que durmieran indigentes;para la contratación de mercaderes;D;2 Valencia Medieval;2 Fácil
On va naixer Pere Compte?;Girona;Valencia;Gandía;Sevilla;A;2 Valencia Medieval;2 Fácil
¿que fue Jaume Roig?;Obispo prestigiodo;Escritor y medico prestigioso;Monje;Escritor y cura;B;2 Valencia Medieval;3 Normal
Los romanos llamaban al mediterráneo...;Nostrum mar;Mare Nostrum;Mio mare;Mare meua;B;1 Valencia Romana;1 Muy fácil
¿Que edificios hizo Pere Compte?;El ayuntamiento de Valencia ;El Palau de la Música;Las Torres de Serrano;Las Torres de Quart;C;2 Valencia Medieval;3 Normal
¿En que año se estrenó dicho himno?;1925;1930;1926;1921;D;5 Valencia desde la guerra civil hasta el presente;3 Normal
En quien any es va construir la muralla València?;1363;1453;1323;1370;A;2 Valencia Medieval;4 Complicada
De quin any a quin any va durar ka València Medieval?;601- 1570;434-1390;520-1500;476-1492;D;2 Valencia Medieval;5 Muy complicada
Que va fundar el Pare Jofre;Una institucio psquiatrica;Una escola per a sords;El monestir de Sant Miquel dels Reis;Un colegi per a orfes;A;2 Valencia Medieval;3 Normal
Elige una compañia telefónica;Mariophone;Yellow;Pepephone;McDonald\'s;C;6 Red de telefonía en Valencia;1 Muy fácil
Los romanos llamaban a todos los extranjeros.....;guiris;extranjeros;bárbaros;non romanus;C;1 Valencia Romana;1 Muy fácil
Quin hospital va fundar Joan Gilabert?;La fe antigua;L\'hospital de Folls;L\'hospital dels inocents;El peset;C;2 Valencia Medieval;3 Normal
¿Que fue joan Gilbert?;Escritor y medico;Sacerdote;Religioso mercenario y sacerdote;Un mendigo;C;2 Valencia Medieval;3 Normal
Nombra una canción de la época de la Guerra Civil Española;¡Ay Carmela ! ;El patio de mi casa;La Bouche ;Vamos a luchar;A;5 Valencia desde la guerra civil hasta el presente;2 Fácil
Según la mitologia Romulo y Remo eran descendientes de....;Marte y Venus;Marte y Diana;Júpiter y Juno;Mercurio y Minerva;A;1 Valencia Romana;4 Complicada
¿Qué es una WAN?;Una videoconsola;Una compañia de teléfonos;Un ordenador para compañias importantes;Un protocolo de Internet;D;6 Red de telefonía en Valencia;2 Fácil
Las formas políticas que tuvo Roma fueron...;República e Imperio;Imperio;Ninguna;Monarquia;D;1 Valencia Romana;3 Normal
¿Qué podemos utilizar para conectarnos a Internet?;Ordenador;Router;Coaxial;Todas las anteriores;D;6 Red de telefonía en Valencia;3 Normal
De que época es la canción A las barricadas.;Antes de la guerra;Durante la postguerra;Durante la Guerra ;De la actualidad;C;5 Valencia desde la guerra civil hasta el presente;2 Fácil
Roma gana las colonias de Hispania al vencer al General cartaginés....;Gladiator;Espartaco;Anibal;Justiniano;C;1 Valencia Romana;3 Normal
En la parte superior de La Lonja se habilitó un espacio que servía de prisión. ¿ A quién encerraban allí?;a los ladrones;a los indigentes;a los comerciantes morosos en el pago;a los enfermos;C;3 Valencia Moderna;2 Fácil
¿Cuál de estos productos es un Sistema Operativo?;Microsoft Office 2017;Windows linux;Windows XP;Spotify;C;6 Red de telefonía en Valencia;2 Fácil
¿En qué año se fundo VALENTIA?;753 ac;138 ac;138 dc;753 dc;B;1 Valencia Romana;2 Fácil
¿En qué año empezó la Guerra Civil Española?;1935;1936;1937;1938;B;5 Valencia desde la guerra civil hasta el presente;3 Normal
¿ En qué barrio de Valencia se encuentra el Palau de la Generalitat?;en el barrio de El Carmen;en Ruzafa;en Patraix;en San Marcelino;A;3 Valencia Moderna;1 Muy fácil
Quin és l\´Himne de La Legió?;El Novio de la Muerte;La Canción del Legionario;La Cabra Loca;Alzad Vuestras Banderas;B;5 Valencia desde la guerra civil hasta el presente;5 Muy complicada
¿Qué es un servidor?;Un camarero;Un militar;Uno mismo;Un ordenador que controla otros ordenadores;D;6 Red de telefonía en Valencia;2 Fácil
Qui fou Guillermina Medrano?; Primera dona regidora de l\'ajuntament de València.; Primera alcaldessa de València.; Primera dona que va morir en el front.; Primera escriptora valenciana del segle XX.;A;4 Valencia contemporánea;1 Muy fácil
Josep Renau... ;Va ser president de la Segona República .;Va ser un ric comerciant de taronges.;Va ser Alcalde de València entre 1936 i 1937;Va ser nomenat director general de Belles Arts l\'any 1936  sent qui va encarregar la realització del Guernica l\'any 1937per a l\'Exposició Internacional d\'Arts.;D;4 Valencia contemporánea;2 Fácil
Què foren les torres de Serrans i el col·legi del Patriarca durant la Segona República?; Presons;Llocs on es van depositar obres artístiques procedents dels museus de Madrid; Biblioteques municipals;Casernes de la Guàrdia Civil;B;4 Valencia contemporánea;2 Fácil
Què hi ha als soterranis del col·legi Jaume Balmes i també al Lluís Vives?;Arxius escolars;Una biblioteca;Refugis antiaeris;Un gimnàs;C;4 Valencia contemporánea;2 Fácil
On estava situada una de les sirenes per avisar dels bombardejos durant la guerra?;Va ser president de la Segona República .;Al port;Enfront de la finca Roja;A l\'estació del nord;C;4 Valencia contemporánea;3 Normal
Com es deia la plaça de l\'ajuntament durant la Segona República?;Plaça del Caudillo;Plaça d\'Emilio Castelar;Plaça de la constitució;Plaça del comerç;B;4 Valencia contemporánea;2 Fácil
Quan poden les dones exercir el vot  per primera vegada?;A les eleccions de 1933;Després de la dictadura Franquista.;El 1909.;Als anys 40;A;4 Valencia contemporánea;3 Normal
Què és la Segona República i quan es proclama?;La Segona República Espanyola fou el règim polític democràtic que va existir entre el14 d\'abril de 1931 (data de la proclamació de la República   en substitució de la monarquia d\'Alfons XIII) i l\'1 d\'abril de 1939 .;La  Segona República Espanyola fou el règim polític democràtic que va existir a partir de la seua proclamació a l\'abril del 1936.; La Segona República Espanyola fou el règim autoritari del general Franco proclamat en el 1939.;La Segona República Espanyola es va establir després de la constitució del 1812.;A;4 Valencia contemporánea;2 Fácil
Perquè València serà capital de la Segona República? ;València fou, entre novembre de 1936 i octubre de 1937 capital de Espanya, després que el Consell de Ministres prenguera la decisió de traslladar oficialment la capitalitat davant el perillós acostament de las tropes franquistes a Madrid. ;València fou, entre novembre de 1936 i octubre de 1937 capital de la Segona República perquè les tropes volien una eixida al mar. ;València fou, entre novembre de 1936 i octubre de 1939 capital de la Segona República per ordre de Franco. ;València fou, entre novembre de 1936 i i l\'octubre de 1960 capital de la Segona república per l\'auge en el conreu i comerç de la taronja. ;A;4 Valencia contemporánea;3 Normal
Què va ser el monestir de San Miquel dels Reis el 1939 ?;Un monestir Benedictí;La seu de la conselleria de Presidència;Un internat per a alumnes de primera ensenyança.;Un penal;D;4 Valencia contemporánea;3 Normal
¿Dónde y cuando nació Blasco Ibáñez?;Valencia, 29 de enero de 1867;Menton, 28 de enero de 1928;Valencia, 30 de febrero de 1562;Menton, 31de diciembre de 1687;A;4 Valencia contemporánea;1 Muy fácil
¿A que partido politico pertenecía Blasco Ibáñez?;Al Partido Socialista;Al Partido Comunista;Al Partido Republicano;Al PP;C;4 Valencia contemporánea;2 Fácil
¿Durante cuántas legislaturas fue diputado por Valencia?;Ninguna;3;2;7;D;4 Valencia contemporánea;3 Normal
¿Qué periódico fundó Blasco Ibañez?;El País ;La Razón ;El Pueblo ;ABC;C;4 Valencia contemporánea;3 Normal
¿Cuál de las siguientes novelas escribió Blasco Ibáñez?;El Quijote;La Regenta ;Crónica de una muerte anunciada;La Barraca;D;4 Valencia contemporánea;2 Fácil
¿Cuál de estas obras fue best seller en los Estados Unidas?;Cañas y barro; los cuatro jinetes de la Apocalipsis; Entre naranjos;Arroz y tartana;B;4 Valencia contemporánea;3 Normal
